mc_term,n_pathogenic,n_benign,mapped_to
nonsense,69792.0,910.0,nonsense_start_stop
missense_variant,62070.0,147631.0,missense
splice_donor_variant,21948.0,265.0,splice_canonical
non-coding_transcript_variant,19049.0,124349.0,other_noncoding
intron_variant,18995.0,505941.0,intronic
splice_acceptor_variant,18229.0,301.0,splice_canonical
5_prime_utr_variant,5740.0,38818.0,utr5
initiator_codon_variant,1675.0,250.0,nonsense_start_stop
3_prime_utr_variant,1551.0,34297.0,utr3
synonymous_variant,1048.0,697696.0,synonymous
stop_lost,199.0,106.0,nonsense_start_stop
genic_upstream_transcript_variant,10.0,621.0,other_noncoding
genic_downstream_transcript_variant,4.0,194.0,other_noncoding
no_sequence_alteration,0.0,85.0,UNMAPPED
