stratum,share_with_AF_pathogenic,share_with_AF_benign,auc_all,auc_no_AF,n_pos_noAF,n_neg_noAF,auc_with_AF,n_pos_AF,n_neg_AF
intronic,0.228,0.812,0.980016,0.9787234042553191,193,47,0.9715668481548699,57,203
missense,0.248,0.936,0.9634079999999999,0.9783909574468085,188,16,0.9440308795147505,62,234
nonsense_start_stop,0.152,0.884,0.835648,0.9339622641509434,212,29,0.8048344844010479,38,221
other_noncoding,0.11764705882352941,0.96,0.9442352941176471,0.9133333333333333,15,10,0.9333333333333333,2,240
splice_canonical,0.172,0.8368794326241135,0.8435177304964538,0.977105650073514,207,23,0.7883326763894364,43,118
synonymous,0.288,0.616,0.974704,0.9867158239700373,178,96,0.9460678210678211,72,154
utr3,0.22727272727272727,0.96,0.9418181818181818,0.8941176470588235,17,10,0.9874999999999999,5,240
utr5,0.08333333333333333,0.948,0.7737499999999999,0.7779720279720281,44,13,0.8048523206751055,4,237
POOLED,0.21166791323859388,0.8709677419354839,0.905052749571149,0.9518773135906927,1054,244,0.8788073829491891,283,1647
