stratum,band,n_pathogenic,n_benign,auc_avi,auc_splicing_feature,auc_lo,auc_hi
intronic,ALL BANDS,250,250,0.980016,0.9759839999999999,0.9682011516090323,0.9895424258186978
intronic,0-2,0,0,,,,
intronic,3-10,163,67,0.9956047980954126,0.9949638311509935,0.9896308277943451,0.9994710448281877
intronic,11-50,46,113,0.9613312812620238,0.9267025779145824,0.9242219247434947,0.9893892763368111
intronic,51-200,11,59,0.9368258859784284,0.9922958397534668,0.8528122508636726,0.9933333333333333
intronic,>200,30,11,0.9606060606060606,0.9545454545454546,0.9006137599967524,1.0
synonymous,ALL BANDS,250,250,0.974704,0.9894720000000001,0.9577849285287919,0.988128817232021
synonymous,0-2,167,8,,,,
synonymous,3-10,13,18,0.8760683760683761,0.9786324786324787,0.6794871794871795,1.0
synonymous,11-50,41,110,0.9727272727272728,0.9964523281596452,0.9268402637950809,0.9984520767876824
synonymous,51-200,29,80,0.9202586206896551,0.9478448275862069,0.8190287781343817,0.9892863016917294
synonymous,>200,0,34,,,,
missense,ALL BANDS,250,250,0.9634079999999999,0.629856,0.9472183048673851,0.9774815331418629
missense,0-2,15,9,,,,
missense,3-10,32,20,0.9593749999999999,0.6140625,0.8949391060772136,1.0
missense,11-50,124,98,0.9414911125740619,0.5031270572745227,0.910692498193376,0.9682292561409832
missense,51-200,63,64,0.9632936507936507,0.6547619047619047,0.930666373776754,0.9868365787077766
missense,>200,16,59,1.0,0.6811440677966102,1.0,1.0
ALL,ALL BANDS,1337,1891,0.905052749571149,0.8079099240705195,0.8918592478696479,0.9169598621711806
ALL,0-2,451,171,0.8159256233710662,0.768973431361108,0.7714862082424345,0.856326709500706
ALL,3-10,246,215,0.9163357912648894,0.8664965021743242,0.8818871540031031,0.947165691313242
ALL,11-50,350,637,0.900879120879121,0.6905830903790087,0.8725827969031618,0.9254844999953048
ALL,51-200,205,505,0.9066892055059165,0.6929147548901232,0.8793713129947353,0.9300098143595957
ALL,>200,85,363,0.9063036784961919,0.74503321989953,0.871130637024268,0.9386438710628717
