analysis_set,score,group,n_pos,n_neg,prevalence,eligible_for_auc,roc_auc,roc_lo,roc_hi,pr_auc,pr_lo,pr_hi
primary,avi_raw,pooled,1337.0,1891.0,0.4141883519206939,True,0.9050527495711489,0.8918592478696479,0.9169598621711806,0.8173339522420422,0.7839491453885172,0.84770295688816
primary,avi_raw,stratum:nonsense_start_stop,250.0,250.0,0.5,True,0.835648,0.7966317932880181,0.8706951944959032,0.7920480142572155,0.7277338440909811,0.8537515987114184
primary,avi_raw,stratum:splice_canonical,250.0,141.0,0.639386189258312,True,0.843517730496454,0.7901332372761835,0.8893068544019533,0.8492695376051823,0.7877132364988558,0.9071384968844549
primary,avi_raw,stratum:missense,250.0,250.0,0.5,True,0.963408,0.9472183048673851,0.9774815331418629,0.9650858477851876,0.946067495320791,0.9796395409866907
primary,avi_raw,stratum:synonymous,250.0,250.0,0.5,True,0.974704,0.9577849285287919,0.988128817232021,0.9830428252301614,0.9712522510053366,0.9914810287346444
primary,avi_raw,stratum:intronic,250.0,250.0,0.5,True,0.980016,0.9682011516090323,0.9895424258186978,0.9838185014784868,0.9735263368401215,0.9911366863369748
primary,avi_raw,stratum:utr5,48.0,250.0,0.1610738255033557,True,0.77375,0.6225644807615042,0.8960005377119029,0.5083295908005643,0.2523274211864933,0.7361174034209323
primary,avi_raw,stratum:utr3,22.0,250.0,0.08088235294117647,False,0.9418181818181818,0.8471336260957965,0.9983903823178016,0.8426754566383049,0.6938636166210438,0.9719458616780046
primary,avi_raw,stratum:other_noncoding,17.0,250.0,0.06367041198501873,False,0.9442352941176471,0.9092719305464121,0.9734783693882958,0.4547813824746092,0.13748130341880346,0.7335665061988235
primary,avi_raw,rollup:coding,750.0,750.0,0.5,True,0.8683271111111112,0.8459864043071756,0.8885464442515958,0.8098626644628236,0.7686900994838554,0.8472922552616007
primary,avi_raw,rollup:splice,250.0,141.0,0.639386189258312,True,0.843517730496454,0.7901332372761835,0.8893068544019533,0.8492695376051823,0.7877132364988558,0.9071384968844549
primary,avi_raw,rollup:non_coding,337.0,1000.0,0.25205684367988035,True,0.9453620178041543,0.9219494027174725,0.9636648713469899,0.9090151591985697,0.8728021127603163,0.9371877039328398
primary,avi_raw,heldout_chroms:pooled,374.0,637.0,0.36993076162215627,True,0.9075882101092185,0.8847994988190034,0.9278035247260163,0.8023321098160705,0.741557380364571,0.8543159751962452
primary,avi_raw,heldout_chroms:stratum:nonsense_start_stop,63.0,76.0,0.45323741007194246,True,0.841060985797828,0.7738780142227998,0.9024561737804877,0.8237899395726977,0.7346951683800828,0.9000808018006127
primary,avi_raw,heldout_chroms:stratum:splice_canonical,72.0,44.0,0.6206896551724138,True,0.8121843434343434,0.7057660338878547,0.8978752564281304,0.8057694068670752,0.679842636190802,0.9230300394198938
primary,avi_raw,heldout_chroms:stratum:missense,71.0,84.0,0.45806451612903226,True,0.9684775318578136,0.9386324101068999,0.9903961451683909,0.964949528350464,0.9259462293090147,0.9900162937671412
primary,avi_raw,heldout_chroms:stratum:synonymous,70.0,91.0,0.43478260869565216,True,0.9767660910518053,0.9453125482435828,0.9982366917939401,0.9811573812708486,0.9562972685833006,0.9974178438263148
primary,avi_raw,heldout_chroms:stratum:intronic,66.0,84.0,0.44,True,0.979978354978355,0.9564651981181586,0.9946346548188654,0.9777308042418478,0.9449399662094335,0.9939039652263096
primary,avi_raw,heldout_chroms:stratum:utr5,14.0,101.0,0.12173913043478261,False,0.862093352192362,0.4346230554447547,0.9690780141843972,0.5258707292310794,0.025044562264082134,0.8968135359913821
primary,avi_raw,heldout_chroms:stratum:utr3,3.0,79.0,0.036585365853658534,False,1.0,1.0,1.0,1.0,1.0,1.0
primary,avi_raw,heldout_chroms:stratum:other_noncoding,15.0,78.0,0.16129032258064516,False,0.8897435897435897,0.8067504391033803,0.9738978127136022,0.529165383370761,0.18506493506493543,0.8405894365852152
primary,severity_b1,pooled,1337.0,1891.0,0.4141883519206939,True,0.6437710099447567,0.6196389392391329,0.6673417366204524,0.5025232426548427,0.4694870441588845,0.5340900891325241
primary,severity_b1,stratum:nonsense_start_stop,250.0,250.0,0.5,True,0.5,0.5,0.5,0.5,0.44765550019516454,0.5481179296451263
primary,severity_b1,stratum:splice_canonical,250.0,141.0,0.639386189258312,True,0.5,0.5,0.5,0.639386189258312,0.5831004335586433,0.6938843356491532
primary,severity_b1,stratum:missense,250.0,250.0,0.5,True,0.5,0.5,0.5,0.5,0.4423066448801743,0.5540532217831835
primary,severity_b1,stratum:synonymous,250.0,250.0,0.5,True,0.5,0.5,0.5,0.5,0.44700183777693636,0.5511022044088176
primary,severity_b1,stratum:intronic,250.0,250.0,0.5,True,0.5,0.5,0.5,0.5,0.4426939316459853,0.553961124678239
primary,severity_b1,stratum:utr5,48.0,250.0,0.1610738255033557,True,0.5,0.5,0.5,0.1610738255033557,0.08306465114332352,0.24758993639689947
primary,severity_b1,stratum:utr3,22.0,250.0,0.08088235294117647,False,0.5,0.5,0.5,0.08088235294117647,0.027665260962932998,0.14653097798259082
primary,severity_b1,stratum:other_noncoding,17.0,250.0,0.06367041198501873,False,0.5,0.5,0.5,0.06367041198501873,0.010560619816459739,0.1395370776656428
primary,severity_b1,rollup:coding,750.0,750.0,0.5,True,0.5,0.4697694903245046,0.530530270665135,0.5,0.46286472736286494,0.5350044110439778
primary,severity_b1,rollup:splice,250.0,141.0,0.639386189258312,True,0.5,0.5,0.5,0.639386189258312,0.5831004335586433,0.6938843356491532
primary,severity_b1,rollup:non_coding,337.0,1000.0,0.25205684367988035,True,0.5,0.5,0.5,0.25205684367988035,0.2134667994069898,0.294649727732897
primary,severity_b1,heldout_chroms:pooled,374.0,637.0,0.36993076162215627,True,0.6470546260462227,0.5992101993101628,0.6899408922930467,0.46105178020436854,0.4043200668455768,0.5173466899855004
primary,severity_b1,heldout_chroms:stratum:nonsense_start_stop,63.0,76.0,0.45323741007194246,True,0.5,0.5,0.5,0.45323741007194246,0.3664022351943322,0.5379330510183504
primary,severity_b1,heldout_chroms:stratum:splice_canonical,72.0,44.0,0.6206896551724138,True,0.5,0.5,0.5,0.6206896551724138,0.5125851915569377,0.7142857142857143
primary,severity_b1,heldout_chroms:stratum:missense,71.0,84.0,0.45806451612903226,True,0.5,0.5,0.5,0.45806451612903226,0.35714285714285715,0.5595294249775382
primary,severity_b1,heldout_chroms:stratum:synonymous,70.0,91.0,0.43478260869565216,True,0.5,0.5,0.5,0.43478260869565216,0.33131803074366434,0.5304988056323862
primary,severity_b1,heldout_chroms:stratum:intronic,66.0,84.0,0.44,True,0.5,0.5,0.5,0.44,0.336,0.5349044850498337
primary,severity_b1,heldout_chroms:stratum:utr5,14.0,101.0,0.12173913043478261,False,0.5,0.5,0.5,0.12173913043478261,0.01633215269578909,0.29009677419354835
primary,severity_b1,heldout_chroms:stratum:utr3,3.0,79.0,0.036585365853658534,False,0.5,0.5,0.5,0.036585365853658534,0.01098901098901099,0.1
primary,severity_b1,heldout_chroms:stratum:other_noncoding,15.0,78.0,0.16129032258064516,False,0.5,0.5,0.5,0.16129032258064516,0.015151515151515152,0.34071557971014493
primary,ag_shap_sum,pooled,1337.0,1891.0,0.4141883519206939,True,0.7841248570661248,0.7622319718992991,0.8054093283544614,0.7703034119274408,0.7360907622344407,0.8020980241550363
primary,ag_shap_sum,stratum:nonsense_start_stop,250.0,250.0,0.5,True,0.5148,0.4584903095062949,0.5677152201392195,0.525187680327188,0.4582711270549586,0.5952404460105881
primary,ag_shap_sum,stratum:splice_canonical,250.0,141.0,0.639386189258312,True,0.8201134751773049,0.7656397638409407,0.8673872489965495,0.8511922900994031,0.7909136975495895,0.9039915121395974
primary,ag_shap_sum,stratum:missense,250.0,250.0,0.5,True,0.60864,0.5579697818350612,0.6595617147254579,0.630060691908469,0.5609520944697584,0.6939528603587337
primary,ag_shap_sum,stratum:synonymous,250.0,250.0,0.5,True,0.985376,0.9721096370291538,0.9944630529438248,0.989699113020683,0.9812918740068091,0.9954958169852784
primary,ag_shap_sum,stratum:intronic,250.0,250.0,0.5,True,0.97736,0.9608732529846726,0.9902962738852277,0.9832406786861327,0.9712558152500103,0.9922111809447081
primary,ag_shap_sum,stratum:utr5,48.0,250.0,0.1610738255033557,True,0.6014166666666667,0.4817496645163714,0.7355229735533241,0.2816358134344491,0.15137781747553825,0.44531001500190526
primary,ag_shap_sum,stratum:utr3,22.0,250.0,0.08088235294117647,False,0.8750909090909091,0.7611649532846043,0.9830682012514083,0.6760532331680039,0.44361828284119337,0.9145861734950134
primary,ag_shap_sum,stratum:other_noncoding,17.0,250.0,0.06367041198501873,False,0.41858823529411765,0.2342912614205718,0.7249105461718314,0.14266998686839072,0.015500898609987976,0.4993623749073387
primary,ag_shap_sum,rollup:coding,750.0,750.0,0.5,True,0.7087128888888888,0.6802825328014579,0.7373462520923147,0.7703190326808613,0.7358867740054015,0.8009172558776425
primary,ag_shap_sum,rollup:splice,250.0,141.0,0.639386189258312,True,0.8201134751773049,0.7656397638409407,0.8673872489965495,0.8511922900994031,0.7909136975495895,0.9039915121395974
primary,ag_shap_sum,rollup:non_coding,337.0,1000.0,0.25205684367988035,True,0.8940890207715133,0.8482246106076032,0.9340284176093039,0.8598362735844577,0.8045408282070257,0.9079633171887738
primary,ag_shap_sum,heldout_chroms:pooled,374.0,637.0,0.36993076162215627,True,0.7758418052535699,0.7283161360222654,0.8175273978027096,0.733227011626821,0.6609636436664367,0.8006915888071355
primary,ag_shap_sum,heldout_chroms:stratum:nonsense_start_stop,63.0,76.0,0.45323741007194246,True,0.5244360902255639,0.42159705159705163,0.6181165648077411,0.53270498914059,0.41731569949881103,0.6492479366751797
primary,ag_shap_sum,heldout_chroms:stratum:splice_canonical,72.0,44.0,0.6206896551724138,True,0.8140782828282829,0.7142727272727273,0.9008732256115977,0.8269746651614415,0.7105942383104918,0.9333656162109936
primary,ag_shap_sum,heldout_chroms:stratum:missense,71.0,84.0,0.45806451612903226,True,0.5823272971160295,0.49657516747244357,0.66902380858901,0.5606370166515949,0.4387607273541189,0.6828811127823673
primary,ag_shap_sum,heldout_chroms:stratum:synonymous,70.0,91.0,0.43478260869565216,True,0.9712715855572999,0.931148476733845,0.9958651788300326,0.9778715241913833,0.9474683743332301,0.9955893634365491
primary,ag_shap_sum,heldout_chroms:stratum:intronic,66.0,84.0,0.44,True,0.9911616161616161,0.9773741504361939,0.9987265169304667,0.9888008551248878,0.9674670622775754,0.9984153455779523
primary,ag_shap_sum,heldout_chroms:stratum:utr5,14.0,101.0,0.12173913043478261,False,0.5509193776520509,0.45827599388379203,0.8055555555555556,0.13403684771051413,0.037037037037037035,0.30312930185302933
primary,ag_shap_sum,heldout_chroms:stratum:utr3,3.0,79.0,0.036585365853658534,False,1.0,1.0,1.0,1.0,1.0,1.0
primary,ag_shap_sum,heldout_chroms:stratum:other_noncoding,15.0,78.0,0.16129032258064516,False,0.45384615384615384,0.266736744886923,0.9720755086071987,0.22889976872858087,0.06584047492621597,0.6665555006587615
primary,alphamissense_shap,pooled,1337.0,1891.0,0.4141883519206939,True,0.5297245109001542,0.5128525554675755,0.5475099235054623,0.517505126295507,0.4877891539226905,0.545631432003924
primary,alphamissense_shap,stratum:nonsense_start_stop,250.0,250.0,0.5,True,0.445536,0.42136905082119314,0.4681030596469331,0.49352078754578754,0.4420375759562403,0.5423027071615267
primary,alphamissense_shap,stratum:splice_canonical,250.0,141.0,0.639386189258312,True,0.43541843971631206,0.4066668918084417,0.4636985182490456,0.6351802216538789,0.5804940079687112,0.6927571576158246
primary,alphamissense_shap,stratum:missense,250.0,250.0,0.5,True,0.962256,0.9467908240658738,0.9759322424499579,0.9648255089134763,0.9467109718242624,0.9789589200807398
primary,alphamissense_shap,stratum:synonymous,250.0,250.0,0.5,True,0.498096,0.4860980650704916,0.5112551384181748,0.506,0.4532653784594619,0.5555338890052441
primary,alphamissense_shap,stratum:intronic,250.0,250.0,0.5,True,0.508,0.5017919546850999,0.5173076923076924,0.508,0.45112826118304855,0.560513364087723
primary,alphamissense_shap,stratum:utr5,48.0,250.0,0.1610738255033557,True,0.492,0.4838709677419355,0.4981481481481482,0.1610738255033557,0.08306465114332352,0.24758993639689947
primary,alphamissense_shap,stratum:utr3,22.0,250.0,0.08088235294117647,False,0.494,0.48653084903084903,0.5,0.08088235294117647,0.027665260962932998,0.14653097798259082
primary,alphamissense_shap,stratum:other_noncoding,17.0,250.0,0.06367041198501873,False,0.482,0.46572388266436837,0.4959191935883665,0.06367041198501873,0.010560619816459739,0.1395370776656428
primary,alphamissense_shap,rollup:coding,750.0,750.0,0.5,True,0.5418897777777778,0.5125004480359716,0.5728671083818142,0.6542410537928942,0.6191684345856295,0.6864969169417691
primary,alphamissense_shap,rollup:splice,250.0,141.0,0.639386189258312,True,0.43541843971631206,0.4066668918084417,0.4636985182490456,0.6351802216538789,0.5804940079687112,0.6927571576158246
primary,alphamissense_shap,rollup:non_coding,337.0,1000.0,0.25205684367988035,True,0.4979554896142433,0.49054162757862685,0.5063422710951303,0.2530215497885267,0.2148212428730741,0.2959728646784443
primary,alphamissense_shap,heldout_chroms:pooled,374.0,637.0,0.36993076162215627,True,0.5253653909116094,0.49534200063303824,0.5579269155122352,0.4778624760595961,0.4250788156131542,0.5301942159540847
primary,alphamissense_shap,heldout_chroms:stratum:nonsense_start_stop,63.0,76.0,0.45323741007194246,True,0.40789473684210525,0.35714285714285715,0.4507042253521127,0.45323741007194246,0.3664022351943322,0.5379330510183504
primary,alphamissense_shap,heldout_chroms:stratum:splice_canonical,72.0,44.0,0.6206896551724138,True,0.4318181818181818,0.38181220095693785,0.47674418604651164,0.6206896551724138,0.5125851915569377,0.7142857142857143
primary,alphamissense_shap,heldout_chroms:stratum:missense,71.0,84.0,0.45806451612903226,True,0.965962441314554,0.9371503135985563,0.9888622587691813,0.9603191135785989,0.9180816266187828,0.988626044534424
primary,alphamissense_shap,heldout_chroms:stratum:synonymous,70.0,91.0,0.43478260869565216,True,0.4835164835164835,0.46111111111111114,0.5,0.43478260869565216,0.33131803074366434,0.5304988056323862
primary,alphamissense_shap,heldout_chroms:stratum:intronic,66.0,84.0,0.44,True,0.5151515151515151,0.5,0.5416666666666666,0.45696969696969697,0.358962829736211,0.5474691409226079
primary,alphamissense_shap,heldout_chroms:stratum:utr5,14.0,101.0,0.12173913043478261,False,0.48514851485148514,0.4673913043478261,0.5,0.12173913043478261,0.01633215269578909,0.29009677419354835
primary,alphamissense_shap,heldout_chroms:stratum:utr3,3.0,79.0,0.036585365853658534,False,0.4936708860759494,0.47752808988764045,0.5,0.036585365853658534,0.01098901098901099,0.1
primary,alphamissense_shap,heldout_chroms:stratum:other_noncoding,15.0,78.0,0.16129032258064516,False,0.4935897435897436,0.4772727272727273,0.5,0.16129032258064516,0.015151515151515152,0.34071557971014493
primary,avi_raw,macro_eligible_strata,,,,True,0.8951739550827423,0.8670790250740809,0.9181464642120525,,,
primary,severity_b1,macro_eligible_strata,,,,True,0.5,0.5,0.5,,,
primary,ag_shap_sum,macro_eligible_strata,,,,True,0.7512843569739953,0.7270778946733374,0.7777505836843672,,,
primary,alphamissense_shap,macro_eligible_strata,,,,True,0.5568844066193853,0.5503842297663936,0.5639792127842481,,,
primary,avi_minus_b1,pooled,,,,True,0.26128173962639223,0.24073839820357126,0.2813078963652481,,,
primary,avi_minus_b1,heldout_chroms:pooled,,,,True,0.26053358406299587,0.22139586762673683,0.30092458195554067,,,
onestar_union,avi_raw,pooled,1744.0,2371.0,0.4238153098420413,True,0.8886543342916511,0.8743110308643736,0.9026085212963006,0.8032517583294613,0.7749497291874538,0.8326665495310398
onestar_union,avi_raw,stratum:nonsense_start_stop,310.0,310.0,0.5,True,0.8342351716961498,0.8002810948169675,0.867414950562681,0.7851438336987149,0.7252311155381053,0.8423914520118619
onestar_union,avi_raw,stratum:splice_canonical,310.0,201.0,0.6066536203522505,True,0.8302359171882523,0.785614458874334,0.8719705593543703,0.8165363506082985,0.7587800784092594,0.8745980920865426
onestar_union,avi_raw,stratum:missense,310.0,310.0,0.5,True,0.9626951092611863,0.9473434299950777,0.9755112703953824,0.963692879012826,0.9457984595871155,0.9779283520435387
onestar_union,avi_raw,stratum:synonymous,310.0,310.0,0.5,True,0.9691363163371488,0.9542069077210008,0.982338943432336,0.9784080744056157,0.9677926148164628,0.9872550735960479
onestar_union,avi_raw,stratum:intronic,310.0,310.0,0.5,True,0.9762226847034339,0.9654763398497581,0.9859879726378856,0.9801848130080555,0.971627712495641,0.9877117152673188
onestar_union,avi_raw,stratum:utr5,102.0,310.0,0.24757281553398058,True,0.7053130929791271,0.5683471548959343,0.8168653316685693,0.5063214330092498,0.29968280323299884,0.69471102676466
onestar_union,avi_raw,stratum:utr3,43.0,310.0,0.12181303116147309,True,0.923555888972243,0.8521653406128077,0.9701563756479494,0.8107512759422082,0.6496337678885938,0.9019308008031935
onestar_union,avi_raw,stratum:other_noncoding,49.0,310.0,0.13649025069637882,True,0.9227781435154707,0.868168116029475,0.9623557761752908,0.6241312190573824,0.36762570248041426,0.8024854615931373
onestar_union,avi_raw,rollup:coding,930.0,930.0,0.5,True,0.866131344664123,0.8467149759209688,0.8851039093405163,0.8056293218916428,0.7683114956930919,0.8419187398472474
onestar_union,avi_raw,rollup:splice,310.0,201.0,0.6066536203522505,True,0.8302359171882523,0.785614458874334,0.8719705593543703,0.8165363506082985,0.7587800784092594,0.8745980920865426
onestar_union,avi_raw,rollup:non_coding,504.0,1240.0,0.2889908256880734,True,0.9184187788018433,0.8919528425356523,0.942244503766785,0.8795364508091245,0.8433214503221796,0.9092426692063704
onestar_union,avi_raw,heldout_chroms:pooled,499.0,801.0,0.38384615384615384,True,0.8946907547929818,0.8715254316093693,0.915848855584487,0.7970357370833216,0.7461121352444986,0.8436645365897948
onestar_union,avi_raw,heldout_chroms:stratum:nonsense_start_stop,81.0,97.0,0.4550561797752809,True,0.8503245513554792,0.792436710728741,0.9035480222288279,0.8130600084687943,0.7199157535765341,0.896416399173488
onestar_union,avi_raw,heldout_chroms:stratum:splice_canonical,93.0,66.0,0.5849056603773585,True,0.8064516129032258,0.7171913067120937,0.8805644490820862,0.7880888999829815,0.6803388907620337,0.8906093176933635
onestar_union,avi_raw,heldout_chroms:stratum:missense,84.0,106.0,0.4421052631578947,True,0.9728212039532794,0.9494346551339455,0.9897018449416706,0.9673556194521524,0.9351329343812884,0.9882986909014684
onestar_union,avi_raw,heldout_chroms:stratum:synonymous,81.0,107.0,0.4308510638297872,True,0.9776162455290182,0.94971672253649,0.9965335944700461,0.9808106802133089,0.9589196222302774,0.9954490624971805
onestar_union,avi_raw,heldout_chroms:stratum:intronic,85.0,103.0,0.4521276595744681,True,0.9779554540262707,0.9600267858187219,0.9924917021826165,0.9774987711412572,0.9571084378575889,0.991658506147155
onestar_union,avi_raw,heldout_chroms:stratum:utr5,27.0,128.0,0.17419354838709677,False,0.8292824074074074,0.530203927341184,0.9362310864013619,0.5865803907236814,0.11449531987948945,0.860983710179565
onestar_union,avi_raw,heldout_chroms:stratum:utr3,8.0,93.0,0.07920792079207921,False,0.8951612903225806,0.6529081632653062,1.0,0.8034632034632034,0.4256538438758588,1.0
onestar_union,avi_raw,heldout_chroms:stratum:other_noncoding,40.0,101.0,0.28368794326241137,True,0.8668316831683168,0.7717675711090625,0.9418387884516916,0.6703468200579121,0.3435253224043226,0.8653357257349072
onestar_union,severity_b1,pooled,1744.0,2371.0,0.4238153098420413,True,0.6210834568312058,0.599010046141516,0.6442664298599254,0.49616713390170153,0.46733236951080775,0.5255516004367886
onestar_union,severity_b1,stratum:nonsense_start_stop,310.0,310.0,0.5,True,0.5,0.5,0.5,0.5,0.4542257960363463,0.5462244425329186
onestar_union,severity_b1,stratum:splice_canonical,310.0,201.0,0.6066536203522505,True,0.5,0.5,0.5,0.6066536203522505,0.5566762013729977,0.6532288224761412
onestar_union,severity_b1,stratum:missense,310.0,310.0,0.5,True,0.5,0.5,0.5,0.5,0.4469492753623188,0.5522627277640124
onestar_union,severity_b1,stratum:synonymous,310.0,310.0,0.5,True,0.5,0.5,0.5,0.5,0.45359019264448336,0.5487205387205387
onestar_union,severity_b1,stratum:intronic,310.0,310.0,0.5,True,0.5,0.5,0.5,0.5,0.4515559441978234,0.5499276919851578
onestar_union,severity_b1,stratum:utr5,102.0,310.0,0.24757281553398058,True,0.5,0.5,0.5,0.24757281553398058,0.1566814260446872,0.3354718543046357
onestar_union,severity_b1,stratum:utr3,43.0,310.0,0.12181303116147309,True,0.5,0.5,0.5,0.12181303116147309,0.06459976016821081,0.18644182317911132
onestar_union,severity_b1,stratum:other_noncoding,49.0,310.0,0.13649025069637882,True,0.5,0.5,0.5,0.13649025069637882,0.040873250713639224,0.24189539649795597
onestar_union,severity_b1,rollup:coding,930.0,930.0,0.5,True,0.5,0.47222331449592136,0.5281799993508262,0.5,0.4667130083358936,0.5345028940807544
onestar_union,severity_b1,rollup:splice,310.0,201.0,0.6066536203522505,True,0.5,0.5,0.5,0.6066536203522505,0.5566762013729977,0.6532288224761412
onestar_union,severity_b1,rollup:non_coding,504.0,1240.0,0.2889908256880734,True,0.5,0.5,0.5,0.2889908256880734,0.2492757960631738,0.3305181367075338
onestar_union,severity_b1,heldout_chroms:pooled,499.0,801.0,0.38384615384615384,True,0.6135967315404842,0.5659702627976709,0.6623547576407716,0.4525456408699897,0.39929432809155724,0.5070962428204535
onestar_union,severity_b1,heldout_chroms:stratum:nonsense_start_stop,81.0,97.0,0.4550561797752809,True,0.5,0.5,0.5,0.4550561797752809,0.36897653000594177,0.53848167539267
onestar_union,severity_b1,heldout_chroms:stratum:splice_canonical,93.0,66.0,0.5849056603773585,True,0.5,0.5,0.5,0.5849056603773585,0.49654394607207675,0.6708405457692698
onestar_union,severity_b1,heldout_chroms:stratum:missense,84.0,106.0,0.4421052631578947,True,0.5,0.5,0.5,0.4421052631578947,0.35607490337198455,0.5305216775513415
onestar_union,severity_b1,heldout_chroms:stratum:synonymous,81.0,107.0,0.4308510638297872,True,0.5,0.5,0.5,0.4308510638297872,0.3315194099378882,0.5272749886928991
onestar_union,severity_b1,heldout_chroms:stratum:intronic,85.0,103.0,0.4521276595744681,True,0.5,0.5,0.5,0.4521276595744681,0.36363636363636365,0.5357192186266772
onestar_union,severity_b1,heldout_chroms:stratum:utr5,27.0,128.0,0.17419354838709677,False,0.5,0.5,0.5,0.17419354838709677,0.04716506268203116,0.3334090909090905
onestar_union,severity_b1,heldout_chroms:stratum:utr3,8.0,93.0,0.07920792079207921,False,0.5,0.5,0.5,0.07920792079207921,0.02854472630173567,0.1388888888888889
onestar_union,severity_b1,heldout_chroms:stratum:other_noncoding,40.0,101.0,0.28368794326241137,True,0.5,0.5,0.5,0.28368794326241137,0.0701449275362319,0.4727595481441635
onestar_union,ag_shap_sum,pooled,1744.0,2371.0,0.4238153098420413,True,0.766879466721354,0.7451880832832944,0.7889711695340905,0.74811215606726,0.7168334311789728,0.7789714868841198
onestar_union,ag_shap_sum,stratum:nonsense_start_stop,310.0,310.0,0.5,True,0.5114255983350676,0.4626530891552691,0.5632882559021347,0.5331507874203038,0.47301583277282333,0.5974653645978139
onestar_union,ag_shap_sum,stratum:splice_canonical,310.0,201.0,0.6066536203522505,True,0.8104798587706629,0.7636812002038266,0.8538626610022934,0.8071520388985478,0.7481984703055297,0.8628598142243059
onestar_union,ag_shap_sum,stratum:missense,310.0,310.0,0.5,True,0.6007492195629552,0.5560234340114211,0.6450156809248704,0.6141462325330195,0.5509575962330705,0.6742209836163258
onestar_union,ag_shap_sum,stratum:synonymous,310.0,310.0,0.5,True,0.9727367325702393,0.9578393711861714,0.985539074069515,0.9814200563137726,0.9708736797213088,0.9896113804815212
onestar_union,ag_shap_sum,stratum:intronic,310.0,310.0,0.5,True,0.9778876170655567,0.9648047302156767,0.9890446289139505,0.982633683066427,0.972709806384374,0.9905286913737046
onestar_union,ag_shap_sum,stratum:utr5,102.0,310.0,0.24757281553398058,True,0.575426944971537,0.4828334652068415,0.6871675905759533,0.34192738067636624,0.23330758651187902,0.4689687158218537
onestar_union,ag_shap_sum,stratum:utr3,43.0,310.0,0.12181303116147309,True,0.859489872468117,0.779810356644492,0.9309327059209594,0.6591119644255331,0.4599686462399044,0.8158355387336598
onestar_union,ag_shap_sum,stratum:other_noncoding,49.0,310.0,0.13649025069637882,True,0.42712310730743913,0.2904094548913847,0.6163924476340036,0.15771530381688897,0.0593803583506542,0.32056337689988984
onestar_union,ag_shap_sum,rollup:coding,930.0,930.0,0.5,True,0.7007688750144525,0.6756905333704328,0.7283761892086709,0.7630529063332641,0.733031702262333,0.7905069188448419
onestar_union,ag_shap_sum,rollup:splice,310.0,201.0,0.6066536203522505,True,0.8104798587706629,0.7636812002038266,0.8538626610022934,0.8071520388985478,0.7481984703055297,0.8628598142243059
onestar_union,ag_shap_sum,rollup:non_coding,504.0,1240.0,0.2889908256880734,True,0.8441628264208909,0.7914323615047423,0.8943223818950373,0.8081237805016491,0.7528921859829028,0.8627669637061148
onestar_union,ag_shap_sum,heldout_chroms:pooled,499.0,801.0,0.38384615384615384,True,0.7524862459000398,0.7041002202866069,0.7991839318006123,0.7070323041542155,0.6422990290701005,0.7690272567822892
onestar_union,ag_shap_sum,heldout_chroms:stratum:nonsense_start_stop,81.0,97.0,0.4550561797752809,True,0.5057910143820796,0.41559945650112706,0.5972286354126226,0.5058181160978572,0.3985123236461091,0.6276873390423454
onestar_union,ag_shap_sum,heldout_chroms:stratum:splice_canonical,93.0,66.0,0.5849056603773585,True,0.8041707396546106,0.7169192273924495,0.8773245347202079,0.7825975308707067,0.6746682226634042,0.8881402435579123
onestar_union,ag_shap_sum,heldout_chroms:stratum:missense,84.0,106.0,0.4421052631578947,True,0.5944519317160827,0.5209559814586135,0.6697069113740302,0.5638619294767566,0.4517790920104695,0.6752667297117411
onestar_union,ag_shap_sum,heldout_chroms:stratum:synonymous,81.0,107.0,0.4308510638297872,True,0.9740394600207685,0.94041254737189,0.9960299109977404,0.9793887565591779,0.9524079394233882,0.9956892917722764
onestar_union,ag_shap_sum,heldout_chroms:stratum:intronic,85.0,103.0,0.4521276595744681,True,0.9885779554540263,0.9764029432615011,0.9976980419131121,0.9876613582240309,0.973634024301852,0.9972697811884014
onestar_union,ag_shap_sum,heldout_chroms:stratum:utr5,27.0,128.0,0.17419354838709677,False,0.5648148148148148,0.4632744698402231,0.783217644424541,0.22559234758748625,0.1155191691744435,0.42854555709648695
onestar_union,ag_shap_sum,heldout_chroms:stratum:utr3,8.0,93.0,0.07920792079207921,False,0.9408602150537635,0.819043513957307,1.0,0.7930021367521367,0.4001693404634581,1.0
onestar_union,ag_shap_sum,heldout_chroms:stratum:other_noncoding,40.0,101.0,0.28368794326241137,True,0.39331683168316833,0.2092032707907073,0.6285041360294118,0.26302456150163167,0.08815000840304531,0.46007398933262567
onestar_union,alphamissense_shap,pooled,1744.0,2371.0,0.4238153098420413,True,0.5236934537743916,0.5077161261343398,0.5397128979916678,0.5202640920292053,0.49268063216829455,0.546165744681331
onestar_union,alphamissense_shap,stratum:nonsense_start_stop,310.0,310.0,0.5,True,0.4432778355879292,0.4226611128368626,0.46380085322958586,0.4936034037646941,0.44833612499366693,0.540643323463301
onestar_union,alphamissense_shap,stratum:splice_canonical,310.0,201.0,0.6066536203522505,True,0.4494463168030814,0.4258445168113137,0.4717262643006516,0.6022980539247663,0.5538756551650322,0.6502851613100599
onestar_union,alphamissense_shap,stratum:missense,310.0,310.0,0.5,True,0.9614880332986473,0.9456221496989338,0.974181475133806,0.9635406042795708,0.9447868917525379,0.977290060844302
onestar_union,alphamissense_shap,stratum:synonymous,310.0,310.0,0.5,True,0.49685744016649325,0.4870412625230038,0.506444315701905,0.5048387096774193,0.45918398913095876,0.5531411096386935
onestar_union,alphamissense_shap,stratum:intronic,310.0,310.0,0.5,True,0.5080645161290323,0.501735960928489,0.5162244282266406,0.5080645161290321,0.46063986198177537,0.5577280807082244
onestar_union,alphamissense_shap,stratum:utr5,102.0,310.0,0.24757281553398058,True,0.49516129032258066,0.48463979480048874,0.5107159941408397,0.24677961799606574,0.15789227288557067,0.3349903705578047
onestar_union,alphamissense_shap,stratum:utr3,43.0,310.0,0.12181303116147309,True,0.4935483870967742,0.4865269461077844,0.49849397590361444,0.12181303116147309,0.06459976016821081,0.18644182317911132
onestar_union,alphamissense_shap,stratum:other_noncoding,49.0,310.0,0.13649025069637882,True,0.47258064516129034,0.45517081242660407,0.4873189681567667,0.13649025069637882,0.040873250713639224,0.24189539649795597
onestar_union,alphamissense_shap,rollup:coding,930.0,930.0,0.5,True,0.5404665279223032,0.5104302617716027,0.5679139757220757,0.65353686250314,0.6213252605444369,0.6850563707377193
onestar_union,alphamissense_shap,rollup:splice,310.0,201.0,0.6066536203522505,True,0.4494463168030814,0.4258445168113137,0.4717262643006516,0.6022980539247663,0.5538756551650322,0.6502851613100599
onestar_union,alphamissense_shap,rollup:non_coding,504.0,1240.0,0.2889908256880734,True,0.49510528673835125,0.48816029130265076,0.5019831075474223,0.28977123793637555,0.2512485866257641,0.33257656970484567
onestar_union,alphamissense_shap,heldout_chroms:pooled,499.0,801.0,0.38384615384615384,True,0.513796631965554,0.48772882083371755,0.5390279883089231,0.47868949686175305,0.4321595514199916,0.5263515224638853
onestar_union,alphamissense_shap,heldout_chroms:stratum:nonsense_start_stop,81.0,97.0,0.4550561797752809,True,0.41898943617156675,0.3727225380608204,0.46129739569998673,0.45149581541591527,0.36841382301908615,0.5359279048187887
onestar_union,alphamissense_shap,heldout_chroms:stratum:splice_canonical,93.0,66.0,0.5849056603773585,True,0.44509612251547737,0.40213889317266516,0.48327937223276407,0.5822005815919389,0.49623916661883716,0.6709851364404246
onestar_union,alphamissense_shap,heldout_chroms:stratum:missense,84.0,106.0,0.4421052631578947,True,0.9700134770889488,0.9459891292946963,0.9884059696342304,0.9636114085472033,0.9312911040634894,0.9864803361158107
onestar_union,alphamissense_shap,heldout_chroms:stratum:synonymous,81.0,107.0,0.4308510638297872,True,0.48598130841121495,0.4678862089375555,0.5,0.4308510638297872,0.3315194099378882,0.5272749886928991
onestar_union,alphamissense_shap,heldout_chroms:stratum:intronic,85.0,103.0,0.4521276595744681,True,0.5117647058823529,0.5,0.5309358891752577,0.46501877346683357,0.3782463342908181,0.5464353493940926
onestar_union,alphamissense_shap,heldout_chroms:stratum:utr5,27.0,128.0,0.17419354838709677,False,0.48828125,0.4734848484848485,0.5,0.17419354838709677,0.04716506268203116,0.3334090909090905
onestar_union,alphamissense_shap,heldout_chroms:stratum:utr3,8.0,93.0,0.07920792079207921,False,0.4946236559139785,0.4822929835651074,0.5,0.07920792079207921,0.02854472630173567,0.1388888888888889
onestar_union,alphamissense_shap,heldout_chroms:stratum:other_noncoding,40.0,101.0,0.28368794326241137,True,0.4801980198019802,0.4583333333333333,0.49557522123893805,0.28368794326241137,0.0701449275362319,0.4727595481441635
onestar_union,avi_raw,macro_eligible_strata,,,,True,0.8905215405816265,0.8684942655942087,0.908668780889203,,,
onestar_union,severity_b1,macro_eligible_strata,,,,True,0.5,0.5,0.5,,,
onestar_union,ag_shap_sum,macro_eligible_strata,,,,True,0.7169148688814468,0.6922937764260673,0.7481945075049076,,,
onestar_union,alphamissense_shap,macro_eligible_strata,,,,True,0.5400530580707286,0.5347587583205098,0.5449237833551194,,,
onestar_union,avi_minus_b1,pooled,,,,True,0.2675708774604453,0.24878232397394734,0.285789772555127,,,
onestar_union,avi_minus_b1,heldout_chroms:pooled,,,,True,0.28109402325249755,0.24297033601686097,0.3185286500583421,,,
