group,phred_threshold,n_pos,n_neg,sensitivity,specificity
pooled,10,1337,1891,0.9745699326851159,0.5520888418826018
pooled,20,1337,1891,0.9139865370231862,0.8016922263352724
pooled,30,1337,1891,0.4472700074794316,0.9450026441036489
intronic,10,250,250,0.964,0.832
intronic,20,250,250,0.852,0.984
intronic,30,250,250,0.24,1.0
missense,10,250,250,1.0,0.272
missense,20,250,250,0.988,0.636
missense,30,250,250,0.316,1.0
nonsense_start_stop,10,250,250,0.988,0.212
nonsense_start_stop,20,250,250,0.972,0.376
nonsense_start_stop,30,250,250,0.824,0.696
other_noncoding,10,17,250,1.0,0.732
other_noncoding,20,17,250,0.47058823529411764,0.932
other_noncoding,30,17,250,0.0,1.0
splice_canonical,10,250,141,1.0,0.07801418439716312
splice_canonical,20,250,141,0.996,0.3546099290780142
splice_canonical,30,250,141,0.696,0.8014184397163121
synonymous,10,250,250,0.972,0.66
synonymous,20,250,250,0.908,0.988
synonymous,30,250,250,0.288,1.0
utr3,10,22,250,0.9090909090909091,0.796
utr3,20,22,250,0.6363636363636364,0.988
utr3,30,22,250,0.3181818181818182,1.0
utr5,10,48,250,0.7291666666666666,0.628
utr5,20,48,250,0.4375,0.96
utr5,30,48,250,0.0,1.0
